﻿<config>
		
	<setting>
		<key>Button.StopRecord</key>
		<value>םוקמ לכב וצחל הטלקהה תקספהל</value>
	</setting>

	<setting>
		<key>Button.StartRecord</key>
		<value>םוקמ לכב וצחל הטלקהה תלחתהל</value>
	</setting>

	<setting>
		<key>Button.Save</key>
		<value>רומש</value>
	</setting>

	<setting>
		<key>Button.Yes</key>
		<value>ןכ</value>
	</setting>

	<setting>
		<key>Button.No</key>
		<value>אל</value>
	</setting>

	<setting>
		<key>Dialog.Overwrite</key>
		<value>אל תמייקה הטלקהה רמשית</value>	
	</setting>

	<setting>
		<key>Dialog.Connecting</key>
		<value>...רבחתמ</value>
	</setting>

	<setting>
		<key>Dialog.ConnectionError</key>
		<value>בוש הסנ אנא ,רוביח תלקת</value>
	</setting>

</config>